,GUST풍속,GUST풍속,GUST풍속,GUST풍속,GUST풍속,GUST풍속,GUST풍속,GUST풍속,GUST풍속,GUST풍속,GUST풍속,기온,기온,기온,기온,기온,기온,기온,기온,기온,기온,기온,습도,습도,습도,습도,습도,습도,습도,습도,습도,습도,습도,풍속,풍속,풍속,풍속,풍속,풍속,풍속,풍속,풍속,풍속,풍속,현지기압,현지기압,현지기압,현지기압,현지기압,현지기압,현지기압,현지기압,현지기압,현지기압,현지기압,풍향,풍향,풍향,풍향,풍향,풍향,풍향,풍향,풍향,풍향,풍향,풍향,풍향,풍향,풍향,풍향,풍향,풍향,풍향,풍향,풍향,풍향,풍향,풍향,풍향,풍향,풍향,풍향,풍향,풍향,풍향,풍향,풍향,풍향,풍향,풍향,풍향,풍향,풍향,풍향,풍향,풍향,풍향,풍향,풍향,풍향,풍향,풍향,풍향,풍향,풍향,풍향,풍향,풍향,풍향,풍향,풍향,풍향,풍향,풍향,풍향,풍향,풍향,풍향,풍향,풍향,풍향,풍향,풍향,풍향,풍향,풍향,풍향,풍향,풍향,풍향,풍향,풍향,풍향,풍향,풍향,풍향,풍향,풍향,풍향,풍향,풍향,풍향,풍향,풍향,풍향,풍향,풍향,풍향,풍향,풍향,풍향,풍향,풍향,풍향,풍향,풍향,풍향,풍향,풍향,풍향,풍향,풍향,풍향,풍향,풍향,풍향,풍향,풍향,풍향,풍향,풍향,풍향,풍향,풍향,풍향,풍향,풍향,풍향,풍향,풍향,풍향,풍향,풍향,풍향,풍향,풍향,풍향,풍향,풍향,풍향,풍향,풍향,풍향,풍향,풍향,풍향,풍향,풍향,풍향,풍향,풍향,풍향,풍향,풍향,풍향,풍향,풍향,풍향,풍향,풍향,풍향,풍향,풍향,풍향,풍향,풍향,풍향,풍향,풍향,풍향,풍향,풍향,풍향,풍향,풍향,풍향,풍향,풍향,풍향,풍향,풍향,풍향,풍향,풍향,풍향,풍향,풍향,풍향,풍향,풍향,풍향,풍향,풍향,풍향,풍향,풍향,풍향,풍향,풍향,풍향,풍향,풍향,풍향
,21229,22101,22102,22103,22104,22105,22106,22107,22108,22183,22184,21229,22101,22102,22103,22104,22105,22106,22107,22108,22183,22184,21229,22101,22102,22103,22104,22105,22106,22107,22108,22183,22184,21229,22101,22102,22103,22104,22105,22106,22107,22108,22183,22184,21229,22101,22102,22103,22104,22105,22106,22107,22108,22183,22184,"('21229', 140.0)","('21229', 150.0)","('21229', 160.0)","('21229', 170.0)","('21229', 180.0)","('21229', 190.0)","('21229', 200.0)","('21229', 210.0)","('21229', 220.0)","('21229', 230.0)","('21229', 240.0)","('22101', 50.0)","('22101', 100.0)","('22101', 110.0)","('22101', 120.0)","('22101', 130.0)","('22101', 140.0)","('22101', 150.0)","('22101', 160.0)","('22101', 170.0)","('22101', 180.0)","('22101', 190.0)","('22101', 200.0)","('22101', 220.0)","('22101', 230.0)","('22101', 250.0)","('22101', 260.0)","('22101', 270.0)","('22101', 320.0)","('22101', 330.0)","('22102', 0.0)","('22102', 10.0)","('22102', 30.0)","('22102', 40.0)","('22102', 50.0)","('22102', 70.0)","('22102', 90.0)","('22102', 110.0)","('22102', 120.0)","('22102', 130.0)","('22102', 140.0)","('22102', 150.0)","('22102', 160.0)","('22102', 170.0)","('22102', 180.0)","('22102', 190.0)","('22102', 200.0)","('22102', 210.0)","('22102', 240.0)","('22102', 270.0)","('22102', 280.0)","('22102', 290.0)","('22102', 300.0)","('22102', 320.0)","('22102', 330.0)","('22102', 340.0)","('22103', 0.0)","('22103', 30.0)","('22103', 40.0)","('22103', 50.0)","('22103', 60.0)","('22103', 70.0)","('22103', 80.0)","('22103', 90.0)","('22103', 100.0)","('22103', 110.0)","('22103', 120.0)","('22103', 140.0)","('22103', 150.0)","('22103', 230.0)","('22103', 240.0)","('22103', 250.0)","('22103', 260.0)","('22103', 270.0)","('22103', 280.0)","('22103', 300.0)","('22104', 20.0)","('22104', 40.0)","('22104', 50.0)","('22104', 60.0)","('22104', 70.0)","('22104', 80.0)","('22104', 100.0)","('22104', 110.0)","('22104', 190.0)","('22104', 200.0)","('22104', 210.0)","('22104', 220.0)","('22104', 230.0)","('22104', 250.0)","('22104', 270.0)","('22104', 280.0)","('22104', 300.0)","('22104', 310.0)","('22104', 350.0)","('22105', 150.0)","('22105', 160.0)","('22105', 170.0)","('22105', 180.0)","('22105', 190.0)","('22105', 200.0)","('22105', 210.0)","('22106', 100.0)","('22106', 130.0)","('22106', 140.0)","('22106', 150.0)","('22106', 170.0)","('22106', 180.0)","('22106', 190.0)","('22106', 200.0)","('22106', 210.0)","('22106', 220.0)","('22106', 240.0)","('22107', 0.0)","('22107', 10.0)","('22107', 20.0)","('22107', 40.0)","('22107', 50.0)","('22107', 90.0)","('22107', 100.0)","('22107', 110.0)","('22107', 120.0)","('22107', 130.0)","('22107', 140.0)","('22107', 150.0)","('22107', 170.0)","('22107', 230.0)","('22107', 240.0)","('22107', 250.0)","('22107', 280.0)","('22107', 330.0)","('22107', 340.0)","('22107', 350.0)","('22108', 10.0)","('22108', 50.0)","('22108', 90.0)","('22108', 100.0)","('22108', 110.0)","('22108', 130.0)","('22108', 140.0)","('22108', 150.0)","('22108', 170.0)","('22108', 180.0)","('22108', 190.0)","('22108', 200.0)","('22108', 210.0)","('22108', 220.0)","('22108', 230.0)","('22108', 240.0)","('22108', 250.0)","('22108', 270.0)","('22108', 290.0)","('22108', 300.0)","('22108', 310.0)","('22108', 340.0)","('22183', 0.0)","('22183', 10.0)","('22183', 20.0)","('22183', 40.0)","('22183', 60.0)","('22183', 80.0)","('22183', 90.0)","('22183', 100.0)","('22183', 110.0)","('22183', 120.0)","('22183', 130.0)","('22183', 140.0)","('22183', 160.0)","('22183', 170.0)","('22183', 180.0)","('22183', 190.0)","('22183', 200.0)","('22183', 220.0)","('22183', 250.0)","('22183', 270.0)","('22183', 280.0)","('22183', 290.0)","('22183', 300.0)","('22183', 310.0)","('22183', 320.0)","('22183', 340.0)","('22184', 20.0)","('22184', 40.0)","('22184', 50.0)","('22184', 60.0)","('22184', 70.0)","('22184', 80.0)","('22184', 90.0)","('22184', 100.0)","('22184', 110.0)","('22184', 190.0)","('22184', 200.0)","('22184', 210.0)","('22184', 220.0)","('22184', 250.0)","('22184', 280.0)","('22184', 290.0)","('22184', 310.0)","('22184', 340.0)"
일시,,,,,,,,,,,,,,,,,,,,,,,,,,,,,,,,,,,,,,,,,,,,,,,,,,,,,,,,,,,,,,,,,,,,,,,,,,,,,,,,,,,,,,,,,,,,,,,,,,,,,,,,,,,,,,,,,,,,,,,,,,,,,,,,,,,,,,,,,,,,,,,,,,,,,,,,,,,,,,,,,,,,,,,,,,,,,,,,,,,,,,,,,,,,,,,,,,,,,,,,,,,,,,,,,,,,,,,,,,,,,,,,,,,,,,,,,,,,,,,,,,,,,,,,,,,,,,
2024-06-05 00:00:00,3.6,1.4,3.2,5.3,8.0,7.4,1.5,5.3,1.5,3.3,2.5,16.8,16.3,17.6,19.2,18.4,19.7,17.4,19.6,18.4,18.6,17.9,79.0,91.0,98.0,83.0,76.0,89.0,85.0,80.0,96.0,83.0,71.0,2.8,0.8,2.9,4.2,6.2,6.4,0.1,4.4,1.0,2.8,1.9,1018.8,1018.1,1018.7,1018.6,1018.6,1018.3,1018.9,1022.2,1018.1,1018.5,1018.6,True,False,False,False,False,False,False,False,False,False,False,False,False,False,False,False,False,False,False,False,False,True,False,False,False,False,False,False,False,False,False,False,False,False,False,False,False,False,False,False,False,False,False,False,False,False,True,False,False,False,False,False,False,False,False,False,False,False,False,True,False,False,False,False,False,False,False,False,False,False,False,False,False,False,False,False,False,False,False,True,False,False,False,False,False,False,False,False,False,False,False,False,False,False,False,False,False,False,True,False,False,False,False,False,False,False,True,False,False,False,False,False,False,False,False,False,False,True,False,False,False,False,False,False,False,False,False,False,False,False,False,False,False,False,False,False,False,False,False,False,False,False,False,False,False,False,False,False,False,False,True,False,False,False,False,False,False,False,False,False,False,False,False,False,False,False,False,False,True,False,False,False,False,False,False,False,False,False,False,False,False,False,False,False,False,True,False,False,False,False,False,False,False,False,False,False,False,False,False
2024-06-05 03:00:00,3.5,3.0,2.3,5.3,5.6,7.5,2.3,4.4,0.6,2.4,3.9,16.8,16.2,16.7,18.9,18.0,19.6,17.4,19.3,18.4,17.7,17.5,82.0,88.0,99.0,84.0,78.0,90.0,86.0,79.0,97.0,86.0,75.0,2.6,2.1,2.1,4.1,4.2,6.4,0.2,3.6,0.3,2.0,3.2,1018.6,1017.7,1018.6,1018.5,1019.0,1018.1,1018.9,1022.2,1018.2,1018.4,1018.6,False,False,True,False,False,False,False,False,False,False,False,False,False,False,False,False,False,False,False,False,True,False,False,False,False,False,False,False,False,False,False,False,False,False,False,False,False,False,False,False,False,False,False,True,False,False,False,False,False,False,False,False,False,False,False,False,False,False,False,False,False,False,True,False,False,False,False,False,False,False,False,False,False,False,False,False,False,False,False,True,False,False,False,False,False,False,False,False,False,False,False,False,False,False,False,False,False,False,True,False,False,False,False,False,False,False,False,True,False,False,False,False,False,False,False,True,False,False,False,False,False,False,False,False,False,False,False,False,False,False,False,False,False,False,False,False,False,False,False,False,False,False,False,False,False,False,True,False,False,False,False,False,False,False,False,False,False,False,False,False,False,False,False,True,False,False,False,False,False,False,False,False,False,False,False,False,False,False,False,False,False,False,False,True,False,False,False,False,False,False,False,False,False,False,False,False,False,False,False
2024-06-05 06:00:00,4.2,3.2,2.2,5.4,4.9,8.2,3.7,3.2,2.4,2.7,5.1,16.9,15.1,17.2,18.7,18.0,19.5,17.6,19.1,17.1,17.5,16.5,81.0,92.0,99.0,83.0,79.0,91.0,84.0,75.0,99.0,85.0,72.0,3.3,2.1,1.8,4.3,3.9,6.7,0.5,2.5,1.9,2.3,4.0,1019.6,1017.9,1018.9,1018.5,1018.8,1018.7,1019.1,1022.0,1018.4,1018.6,1018.5,False,False,True,False,False,False,False,False,False,False,False,False,False,False,False,False,False,False,False,False,True,False,False,False,False,False,False,False,False,False,False,False,False,False,False,False,False,True,False,False,False,False,False,False,False,False,False,False,False,False,False,False,False,False,False,False,False,False,False,False,False,True,False,False,False,False,False,False,False,False,False,False,False,False,False,False,False,False,True,False,False,False,False,False,False,False,False,False,False,False,False,False,False,False,False,False,False,True,False,False,False,False,False,False,False,False,False,True,False,False,False,False,False,False,False,False,True,False,False,False,False,False,False,False,False,False,False,False,False,False,False,False,False,False,False,False,False,False,False,False,False,True,False,False,False,False,False,False,False,False,False,False,False,False,False,False,False,False,False,True,False,False,False,False,False,False,False,False,False,False,False,False,False,False,False,False,False,False,False,False,False,False,False,False,True,False,False,False,False,False,False,False,False,False,False,False,False,False,False
2024-06-05 09:00:00,4.6,2.5,1.5,6.0,6.6,8.1,3.9,6.4,3.0,2.5,5.8,17.1,15.6,18.1,18.9,18.5,19.4,20.7,18.9,17.2,18.8,18.0,80.0,90.0,97.0,82.0,81.0,92.0,66.0,76.0,99.0,79.0,81.0,3.8,1.8,1.1,4.8,5.0,6.6,1.1,5.2,2.6,1.8,4.7,1020.7,1019.0,1019.6,1019.0,1019.7,1020.0,1020.4,1022.3,1019.5,1019.1,1018.9,False,False,False,True,False,False,False,False,False,False,False,False,False,False,False,False,False,False,False,True,False,False,False,False,False,False,False,False,False,False,False,False,False,False,False,True,False,False,False,False,False,False,False,False,False,False,False,False,False,False,False,False,False,False,False,False,False,False,False,False,False,False,True,False,False,False,False,False,False,False,False,False,False,False,False,False,False,False,False,True,False,False,False,False,False,False,False,False,False,False,False,False,False,False,False,False,False,True,False,False,False,False,False,False,False,False,True,False,False,False,False,False,False,False,False,False,False,False,False,True,False,False,False,False,False,False,False,False,False,False,False,False,False,False,False,False,False,False,False,False,False,True,False,False,False,False,False,False,False,False,False,False,False,False,False,True,False,False,False,False,False,False,False,False,False,False,False,False,False,False,False,False,False,False,False,False,False,False,False,False,False,False,False,False,False,False,True,False,False,False,False,False,False,False,False,False,False,False,False
2024-06-05 12:00:00,5.2,1.3,1.8,7.0,8.2,7.9,4.6,9.0,2.0,2.6,6.0,17.4,17.0,18.6,19.0,18.9,19.6,20.8,19.2,19.2,19.3,18.3,78.0,85.0,97.0,84.0,78.0,92.0,70.0,76.0,94.0,79.0,83.0,4.2,1.0,1.4,5.7,6.6,6.3,2.0,6.9,1.5,2.1,5.0,1020.9,1019.6,1019.1,1019.1,1019.7,1020.2,1020.7,1022.7,1019.2,1018.8,1019.0,False,False,False,False,True,False,False,False,False,False,False,False,False,False,False,False,False,False,False,False,False,True,False,False,False,False,False,False,False,False,False,True,False,False,False,False,False,False,False,False,False,False,False,False,False,False,False,False,False,False,False,False,False,False,False,False,False,False,False,False,False,False,True,False,False,False,False,False,False,False,False,False,False,False,False,False,False,False,False,True,False,False,False,False,False,False,False,False,False,False,False,False,False,False,False,False,False,True,False,False,False,False,False,False,False,False,True,False,False,False,False,False,False,False,False,False,False,False,False,True,False,False,False,False,False,False,False,False,False,False,False,False,False,False,False,False,False,False,False,False,False,False,False,True,False,False,False,False,False,False,False,False,False,False,False,False,False,False,False,False,False,False,False,False,False,False,False,False,False,False,False,False,False,False,True,False,False,False,False,False,False,False,False,False,False,False,True,False,False,False,False,False,False,False,False,False,False,False,False
2024-06-05 15:00:00,4.5,1.8,3.0,6.4,7.7,8.2,3.9,9.3,2.6,3.2,6.6,17.6,16.0,19.1,19.3,19.2,20.0,21.1,19.4,19.8,20.5,18.7,77.0,91.0,95.0,84.0,79.0,91.0,70.0,75.0,90.0,79.0,80.0,3.6,1.2,2.5,5.1,6.3,6.7,2.1,7.4,1.9,2.0,5.2,1020.0,1018.5,1018.8,1018.9,1019.1,1019.3,1019.7,1022.2,1018.8,1018.2,1019.0,False,False,False,False,False,True,False,False,False,False,False,False,False,False,False,False,False,False,False,False,False,False,False,False,False,True,False,False,False,False,False,False,False,False,False,False,False,False,False,False,False,False,False,False,False,False,False,False,True,False,False,False,False,False,False,False,False,False,False,False,False,False,True,False,False,False,False,False,False,False,False,False,False,False,False,False,False,False,False,True,False,False,False,False,False,False,False,False,False,False,False,False,False,False,False,False,False,True,False,False,False,False,False,False,False,True,False,False,False,False,False,False,False,False,False,False,False,False,False,False,True,False,False,False,False,False,False,False,False,False,False,False,False,False,False,False,False,False,False,False,False,False,False,False,False,False,False,False,False,True,False,False,False,False,False,False,False,False,False,False,False,False,False,False,False,False,False,False,False,False,False,True,False,False,False,False,False,False,False,False,False,False,False,False,False,False,False,True,False,False,False,False,False,False,False,False,False,False,False
2024-06-05 18:00:00,3.9,2.6,1.3,5.7,7.1,8.8,4.2,8.9,4.2,3.9,8.3,17.8,15.9,18.2,19.3,19.4,20.2,20.8,19.6,19.6,20.1,18.7,78.0,92.0,97.0,87.0,80.0,91.0,71.0,79.0,93.0,75.0,80.0,3.1,2.1,0.9,4.6,5.8,7.1,2.9,7.1,3.5,3.0,6.7,1019.5,1017.6,1018.1,1018.0,1018.5,1018.5,1019.0,1021.1,1017.8,1018.1,1017.9,False,True,False,False,False,False,False,False,False,False,False,False,False,False,False,False,False,False,False,False,False,False,False,False,False,False,True,False,False,False,False,False,False,False,False,False,False,False,False,False,False,True,False,False,False,False,False,False,False,False,False,False,False,False,False,False,False,False,False,False,False,False,True,False,False,False,False,False,False,False,False,False,False,False,False,False,False,False,False,True,False,False,False,False,False,False,False,False,False,False,False,False,False,False,False,False,False,True,False,False,False,False,False,False,True,False,False,False,False,False,False,False,False,False,False,False,False,False,False,False,True,False,False,False,False,False,False,False,False,False,False,False,False,False,False,False,False,False,False,False,False,False,False,False,False,False,False,False,False,False,False,False,True,False,False,False,False,False,False,False,False,False,False,False,False,False,False,False,False,False,False,False,True,False,False,False,False,False,False,False,False,False,False,False,False,False,True,False,False,False,False,False,False,False,False,False,False,False,False
2024-06-05 21:00:00,6.0,1.5,1.5,5.4,7.5,9.2,4.9,10.3,3.1,4.0,7.6,18.0,16.0,18.1,19.4,19.4,20.3,19.2,19.8,19.3,19.8,17.9,79.0,93.0,99.0,88.0,81.0,90.0,82.0,82.0,95.0,83.0,83.0,4.9,0.9,1.1,4.2,6.0,7.5,3.1,8.4,2.5,3.2,6.3,1019.7,1018.2,1018.9,1018.3,1018.8,1018.8,1019.4,1021.1,1018.5,1018.6,1017.9,True,False,False,False,False,False,False,False,False,False,False,False,False,False,False,False,False,False,False,False,False,False,False,False,True,False,False,False,False,False,False,False,False,True,False,False,False,False,False,False,False,False,False,False,False,False,False,False,False,False,False,False,False,False,False,False,False,False,False,False,False,False,False,True,False,False,False,False,False,False,False,False,False,False,False,False,False,False,False,False,True,False,False,False,False,False,False,False,False,False,False,False,False,False,False,False,True,False,False,False,False,False,False,False,False,True,False,False,False,False,False,False,False,False,False,False,False,False,False,True,False,False,False,False,False,False,False,False,False,False,False,False,False,False,False,False,False,False,False,False,False,False,False,False,False,False,False,False,False,False,False,False,False,True,False,False,False,False,False,False,False,False,False,False,False,False,False,False,False,False,False,False,False,False,False,False,False,False,True,False,False,False,False,False,False,False,False,True,False,False,False,False,False,False,False,False,False,False,False
2024-06-06 00:00:00,7.0,1.6,2.1,5.2,7.2,10.3,4.9,8.4,1.6,1.9,7.8,18.0,16.7,17.9,19.4,19.3,20.3,19.0,19.7,19.0,19.2,18.0,83.0,94.0,99.0,90.0,81.0,94.0,86.0,83.0,96.0,86.0,85.0,5.6,1.2,1.4,4.2,5.7,8.1,3.4,6.9,1.3,1.2,6.3,1019.8,1018.8,1019.1,1018.5,1019.4,1019.3,1020.0,1021.8,1019.0,1018.6,1018.2,False,True,False,False,False,False,False,False,False,False,False,False,False,False,False,False,False,False,False,False,True,False,False,False,False,False,False,False,False,False,False,False,False,False,False,False,False,False,False,False,False,False,False,False,False,False,True,False,False,False,False,False,False,False,False,False,False,False,False,False,False,False,True,False,False,False,False,False,False,False,False,False,False,False,False,False,False,False,False,False,False,True,False,False,False,False,False,False,False,False,False,False,False,False,False,False,False,True,False,False,False,False,False,False,False,True,False,False,False,False,False,False,False,False,False,False,False,False,True,False,False,False,False,False,False,False,False,False,False,False,False,False,False,False,False,False,False,False,False,False,False,False,False,False,False,False,False,False,False,False,True,False,False,False,False,False,False,False,False,False,False,False,False,False,False,False,False,False,False,False,False,False,False,False,False,False,False,False,True,False,False,False,False,False,False,False,True,False,False,False,False,False,False,False,False,False,False,False,False
2024-06-06 03:00:00,7.0,3.6,1.7,3.8,5.8,11.7,3.0,7.7,1.3,1.6,7.9,17.9,15.3,17.0,19.2,19.1,20.3,18.7,19.9,18.4,18.8,17.2,87.0,95.0,99.0,93.0,83.0,97.0,93.0,84.0,98.0,89.0,88.0,5.6,2.9,1.4,3.0,4.5,9.3,1.2,6.3,0.6,1.1,6.4,1019.5,1017.9,1018.1,1018.0,1018.5,1018.1,1018.6,1020.7,1018.1,1017.8,1017.5,False,False,False,True,False,False,False,False,False,False,False,False,False,False,False,False,False,False,False,False,False,False,False,False,True,False,False,False,False,False,False,False,False,False,False,False,False,False,False,False,False,False,False,False,False,False,False,False,False,False,False,False,False,False,True,False,False,False,False,False,True,False,False,False,False,False,False,False,False,False,False,False,False,False,False,False,False,False,False,False,True,False,False,False,False,False,False,False,False,False,False,False,False,False,False,False,False,True,False,False,False,False,False,False,False,True,False,False,False,False,False,False,False,False,False,False,False,False,False,True,False,False,False,False,False,False,False,False,False,False,False,False,False,False,False,False,False,False,True,False,False,False,False,False,False,False,False,False,False,False,False,False,False,False,False,False,False,False,False,False,False,False,False,False,False,False,False,False,False,False,False,False,False,False,False,False,False,False,False,False,True,False,False,False,False,False,True,False,False,False,False,False,False,False,False,False,False,False,False
2024-06-06 06:00:00,5.9,2.6,3.1,5.9,5.5,10.3,4.1,7.5,0.9,3.4,7.4,17.8,14.6,17.5,19.1,19.2,20.1,19.0,20.1,17.9,19.0,16.9,86.0,95.0,99.0,88.0,84.0,98.0,91.0,85.0,99.0,76.0,88.0,4.6,1.7,2.1,4.9,4.3,8.3,2.2,6.1,0.4,1.6,6.2,1019.0,1017.5,1017.9,1017.8,1018.2,1017.9,1018.8,1020.9,1018.0,1017.5,1017.2,False,False,True,False,False,False,False,False,False,False,False,False,False,False,False,False,False,False,False,False,False,False,False,True,False,False,False,False,False,False,False,False,False,False,False,False,False,False,True,False,False,False,False,False,False,False,False,False,False,False,False,False,False,False,False,False,False,False,False,False,False,True,False,False,False,False,False,False,False,False,False,False,False,False,False,False,False,False,False,False,True,False,False,False,False,False,False,False,False,False,False,False,False,False,False,False,False,True,False,False,False,False,False,False,False,False,True,False,False,False,False,False,False,False,False,False,False,False,True,False,False,False,False,False,False,False,False,False,False,False,False,False,False,True,False,False,False,False,False,False,False,False,False,False,False,False,False,False,False,False,False,False,False,False,False,False,False,False,False,True,False,False,False,False,False,False,False,False,False,False,False,False,False,False,False,False,False,False,False,False,False,False,False,False,False,False,True,False,False,False,False,False,False,False,False,False,False,False,False
2024-06-06 09:00:00,7.6,2.0,2.1,4.6,4.2,8.5,4.9,9.1,2.0,2.0,8.1,18.0,15.0,18.0,18.9,19.2,20.2,19.5,19.1,18.5,19.7,18.9,87.0,96.0,99.0,92.0,85.0,99.0,87.0,86.0,99.0,59.0,88.0,6.0,1.1,1.5,3.6,3.3,7.0,3.3,7.6,1.3,1.0,6.7,1019.2,1018.4,1018.5,1018.1,1018.6,1018.4,1019.1,1021.4,1018.5,1018.2,1017.7,False,False,True,False,False,False,False,False,False,False,False,False,False,False,False,False,False,False,True,False,False,False,False,False,False,False,False,False,False,False,False,False,True,False,False,False,False,False,False,False,False,False,False,False,False,False,False,False,False,False,False,False,False,False,False,False,False,False,False,False,False,False,True,False,False,False,False,False,False,False,False,False,False,False,False,False,False,False,True,False,False,False,False,False,False,False,False,False,False,False,False,False,False,False,False,False,False,False,True,False,False,False,False,False,False,False,True,False,False,False,False,False,False,False,False,False,False,False,False,False,True,False,False,False,False,False,False,False,False,False,False,False,False,False,False,False,False,False,False,False,False,False,False,False,False,False,False,False,False,False,False,False,True,False,False,False,False,False,False,False,True,False,False,False,False,False,False,False,False,False,False,False,False,False,False,False,False,False,False,False,False,False,False,False,False,False,False,True,False,False,False,False,False,False,False,False,False,False,False
2024-06-06 12:00:00,5.6,3.4,1.2,4.5,4.6,7.5,2.5,6.4,2.6,2.0,7.3,18.2,15.4,18.6,19.2,19.4,20.2,21.4,18.9,18.7,19.8,18.9,88.0,95.0,99.0,93.0,86.0,99.0,76.0,89.0,95.0,64.0,88.0,4.3,2.4,0.8,3.5,3.7,5.9,0.9,5.0,2.1,1.2,6.0,1018.7,1018.7,1018.3,1017.9,1018.3,1018.4,1018.7,1021.5,1018.4,1017.8,1017.6,False,False,True,False,False,False,False,False,False,False,False,False,False,False,False,False,False,False,False,False,False,False,False,False,False,False,False,True,False,False,False,False,False,False,False,False,False,False,False,False,False,False,False,False,False,False,False,False,False,False,False,False,False,True,False,False,False,False,False,False,True,False,False,False,False,False,False,False,False,False,False,False,False,False,False,False,False,False,True,False,False,False,False,False,False,False,False,False,False,False,False,False,False,False,False,False,False,False,False,True,False,False,False,False,True,False,False,False,False,False,False,False,False,False,False,False,False,False,False,False,False,False,True,False,False,False,False,False,False,False,False,False,False,False,False,False,False,False,False,False,False,False,False,False,False,False,False,False,False,False,False,False,False,False,True,False,False,False,False,False,False,False,False,False,False,False,False,False,False,False,True,False,False,False,False,False,False,False,False,False,False,False,False,False,False,False,False,True,False,False,False,False,False,False,False,False,False,False,False
2024-06-06 15:00:00,4.4,3.3,0.5,4.0,3.6,6.7,4.0,3.7,3.1,1.5,6.0,18.3,15.8,20.1,19.2,19.8,20.6,22.4,19.0,18.2,20.6,19.0,89.0,94.0,90.0,94.0,85.0,98.0,71.0,88.0,97.0,69.0,88.0,3.3,2.6,0.2,3.3,2.8,5.5,3.1,2.5,2.2,0.7,4.8,1017.8,1016.4,1017.8,1017.8,1017.7,1017.2,1017.4,1021.2,1017.2,1017.3,1017.6,False,False,False,True,False,False,False,False,False,False,False,False,False,False,False,False,False,False,False,False,False,False,False,False,False,False,True,False,False,False,True,False,False,False,False,False,False,False,False,False,False,False,False,False,False,False,False,False,False,False,False,False,False,False,False,False,False,False,False,False,True,False,False,False,False,False,False,False,False,False,False,False,False,False,False,False,False,False,False,True,False,False,False,False,False,False,False,False,False,False,False,False,False,False,False,False,False,True,False,False,False,False,False,True,False,False,False,False,False,False,False,False,False,False,False,False,False,False,False,False,False,True,False,False,False,False,False,False,False,False,False,False,False,False,True,False,False,False,False,False,False,False,False,False,False,False,False,False,False,False,False,False,False,False,False,False,False,False,False,False,False,False,False,False,False,False,False,False,False,False,False,False,False,False,False,False,True,False,False,False,False,False,False,False,False,True,False,False,False,False,False,False,False,False,False,False,False,False,False
2024-06-06 18:00:00,4.0,3.4,1.7,3.2,2.1,8.1,3.2,2.6,3.0,2.0,6.7,18.6,16.5,20.9,19.5,20.2,20.6,21.6,18.6,19.8,21.1,19.0,89.0,93.0,79.0,94.0,85.0,99.0,76.0,90.0,88.0,70.0,85.0,3.1,2.8,1.3,2.6,1.5,6.7,2.5,1.9,2.2,1.3,5.3,1017.2,1015.3,1016.5,1016.4,1016.4,1016.1,1015.9,1020.1,1016.0,1016.2,1016.4,False,False,False,True,False,False,False,False,False,False,False,False,False,False,False,False,False,False,False,False,False,False,False,False,False,False,True,False,False,False,False,True,False,False,False,False,False,False,False,False,False,False,False,False,False,False,False,False,False,False,False,False,False,False,False,False,False,False,False,False,True,False,False,False,False,False,False,False,False,False,False,False,False,False,False,False,False,False,False,False,False,False,True,False,False,False,False,False,False,False,False,False,False,False,False,False,True,False,False,False,False,False,True,False,False,False,False,False,False,False,False,False,False,False,False,False,False,True,False,False,False,False,False,False,False,False,False,False,False,False,False,False,False,False,False,False,False,False,False,False,False,False,False,False,False,False,False,False,False,False,True,False,False,False,False,False,False,False,False,False,False,False,False,False,False,False,False,False,True,False,False,False,False,False,False,False,False,False,False,False,False,False,False,False,False,True,False,False,False,False,False,False,False,False,False,False,False,False,False
2024-06-06 21:00:00,3.7,3.1,2.0,2.6,1.3,7.5,4.0,5.9,2.1,1.8,5.8,18.4,16.4,19.2,19.6,19.9,20.7,20.1,18.0,20.0,20.9,19.0,94.0,94.0,88.0,95.0,88.0,99.0,92.0,91.0,87.0,75.0,84.0,3.0,2.6,1.2,2.1,0.8,6.2,3.2,4.5,1.7,0.6,4.8,1016.8,1015.8,1016.2,1016.4,1016.3,1016.0,1016.2,1019.9,1016.2,1016.0,1015.9,True,False,False,False,False,False,False,False,False,False,False,False,False,False,False,False,False,False,False,False,False,False,False,False,False,True,False,False,False,False,False,False,False,False,False,False,False,False,False,False,False,False,False,False,False,False,False,False,False,False,False,False,True,False,False,False,False,False,False,False,False,False,False,False,True,False,False,False,False,False,False,False,False,False,False,False,False,False,False,False,False,False,False,True,False,False,False,False,False,False,False,False,False,False,False,False,True,False,False,False,False,False,False,False,False,True,False,False,False,False,False,False,False,False,False,False,False,False,False,False,False,True,False,False,False,False,False,False,False,False,False,False,False,False,False,False,False,False,False,False,False,False,False,False,False,False,False,False,False,False,False,False,True,False,False,False,False,False,False,False,False,False,False,True,False,False,False,False,False,False,False,False,False,False,False,False,False,False,False,False,False,False,False,False,False,False,True,False,False,False,False,False,False,False,False,False,False,False,False
2024-06-07 00:00:00,6.9,2.3,1.4,1.7,1.2,8.6,4.8,6.3,1.4,1.9,6.5,18.5,16.4,18.7,19.6,19.7,20.7,20.2,19.6,19.5,19.2,18.2,95.0,92.0,98.0,94.0,91.0,99.0,94.0,86.0,92.0,81.0,85.0,5.3,1.5,1.0,1.3,0.8,6.7,4.1,5.1,1.1,1.4,5.4,1016.8,1016.7,1016.9,1016.5,1016.8,1016.3,1016.8,1020.2,1016.9,1016.6,1016.3,True,False,False,False,False,False,False,False,False,False,False,False,False,False,False,False,False,False,False,False,False,False,False,True,False,False,False,False,False,False,False,False,False,False,False,False,True,False,False,False,False,False,False,False,False,False,False,False,False,False,False,False,False,False,False,False,False,False,False,False,False,False,False,True,False,False,False,False,False,False,False,False,False,False,False,False,False,False,False,False,False,False,False,False,False,False,False,False,False,False,False,True,False,False,False,False,False,True,False,False,False,False,False,False,False,False,False,True,False,False,False,False,False,False,False,False,False,False,False,False,False,False,True,False,False,False,False,False,False,False,False,False,False,False,False,False,False,False,False,False,False,False,False,False,False,False,True,False,False,False,False,False,False,False,False,False,False,False,False,False,False,False,False,False,True,False,False,False,False,False,False,False,False,False,False,False,False,False,False,False,False,False,False,False,False,False,False,False,False,True,False,False,False,False,False,False,False,False,False
2024-06-07 03:00:00,6.0,4.4,1.6,2.2,3.1,7.5,5.9,6.3,2.8,2.1,1.7,18.3,15.2,17.8,19.2,19.2,20.6,20.0,19.4,18.8,18.6,17.2,94.0,95.0,91.0,95.0,90.0,99.0,99.0,86.0,95.0,84.0,84.0,4.5,3.5,1.2,1.7,2.5,6.0,4.8,4.9,2.3,1.6,1.2,1016.2,1015.9,1015.9,1015.8,1016.0,1015.2,1015.6,1019.2,1016.0,1015.7,1015.7,False,False,False,False,True,False,False,False,False,False,False,False,False,False,False,False,False,False,False,False,False,True,False,False,False,False,False,False,False,False,False,False,False,False,False,False,False,False,False,False,False,False,False,False,False,False,False,False,False,False,False,False,False,True,False,False,False,True,False,False,False,False,False,False,False,False,False,False,False,False,False,False,False,False,False,False,False,False,False,False,False,False,False,False,False,False,False,False,False,False,False,False,True,False,False,False,False,False,True,False,False,False,False,False,False,False,False,False,True,False,False,False,False,False,False,False,False,False,False,True,False,False,False,False,False,False,False,False,False,False,False,False,False,False,False,False,False,False,False,False,True,False,False,False,False,False,False,False,False,False,False,False,False,False,False,False,False,False,False,False,False,True,False,False,False,False,False,False,False,False,False,False,False,False,False,False,False,False,False,False,False,False,False,False,False,False,False,False,False,False,False,False,False,False,True,False,False,False,False
2024-06-07 06:00:00,5.9,3.3,1.5,2.8,3.2,7.4,5.7,6.0,2.6,1.7,3.3,18.2,14.6,17.1,19.2,19.1,20.4,20.1,19.7,18.4,18.9,17.0,93.0,96.0,97.0,96.0,90.0,99.0,92.0,81.0,94.0,82.0,86.0,4.6,2.8,1.0,2.3,2.7,6.0,4.6,4.7,2.1,1.2,2.6,1015.7,1015.1,1015.4,1015.4,1015.6,1014.7,1015.2,1018.7,1015.3,1015.2,1015.3,False,False,False,False,True,False,False,False,False,False,False,False,False,False,False,False,False,False,False,False,True,False,False,False,False,False,False,False,False,False,False,False,False,False,False,False,True,False,False,False,False,False,False,False,False,False,False,False,False,False,False,False,False,False,False,False,False,True,False,False,False,False,False,False,False,False,False,False,False,False,False,False,False,False,False,False,False,False,False,False,False,False,False,False,False,False,False,False,False,False,False,False,False,False,True,False,False,False,True,False,False,False,False,False,False,False,False,False,False,False,True,False,False,False,False,False,False,False,False,True,False,False,False,False,False,False,False,False,False,False,False,False,False,False,False,False,False,False,False,False,False,False,False,True,False,False,False,False,False,False,False,False,False,False,False,False,False,False,False,False,True,False,False,False,False,False,False,False,False,False,False,False,False,False,False,False,False,False,False,False,False,True,False,False,False,False,False,False,False,False,False,False,False,False,False,False,False,False,False
2024-06-07 09:00:00,5.7,2.0,2.6,3.7,2.2,6.4,5.8,7.3,3.2,2.2,5.5,18.2,15.5,18.5,19.7,19.3,20.7,22.4,20.3,18.7,19.6,18.8,90.0,94.0,97.0,92.0,90.0,99.0,76.0,78.0,92.0,80.0,88.0,4.5,1.2,2.1,2.9,1.8,5.0,5.0,5.8,2.7,1.6,4.3,1016.0,1015.6,1015.7,1015.4,1015.9,1015.0,1015.5,1018.7,1015.7,1015.5,1015.1,False,False,False,False,True,False,False,False,False,False,False,False,False,False,False,False,False,False,False,True,False,False,False,False,False,False,False,False,False,False,False,False,False,False,True,False,False,False,False,False,False,False,False,False,False,False,False,False,False,False,False,False,False,False,False,False,False,False,False,False,True,False,False,False,False,False,False,False,False,False,False,False,False,False,False,False,True,False,False,False,False,False,False,False,False,False,False,False,False,False,False,False,False,False,False,False,False,True,False,False,False,False,False,False,False,False,False,False,False,True,False,False,False,False,False,False,False,False,False,True,False,False,False,False,False,False,False,False,False,False,False,False,False,False,False,False,False,True,False,False,False,False,False,False,False,False,False,False,False,False,False,False,False,False,False,False,False,False,True,False,False,False,False,False,False,False,False,False,False,False,False,False,False,False,False,False,False,False,False,False,False,False,False,False,False,True,False,False,False,False,False,False,False,False,False,False,False,False,False
2024-06-07 12:00:00,4.4,2.4,2.2,3.8,1.8,6.7,7.0,9.2,2.6,3.1,7.0,18.7,15.8,19.1,20.0,20.0,21.0,22.0,20.2,18.8,21.4,19.1,92.0,92.0,95.0,90.0,86.0,99.0,83.0,84.0,90.0,73.0,88.0,3.6,1.8,1.5,3.2,1.0,5.3,5.1,7.5,2.2,2.2,5.7,1015.2,1015.5,1015.0,1015.2,1015.4,1014.4,1014.8,1018.0,1015.6,1014.8,1014.7,False,False,False,False,True,False,False,False,False,False,False,False,False,False,False,False,False,True,False,False,False,False,False,False,False,False,False,False,False,False,False,False,False,True,False,False,False,False,False,False,False,False,False,False,False,False,False,False,False,False,False,False,False,False,False,False,False,False,False,False,False,False,True,False,False,False,False,False,False,False,False,False,False,False,False,False,False,False,False,False,False,True,False,False,False,False,False,False,False,False,False,False,False,False,False,False,False,True,False,False,False,False,False,False,False,False,False,False,True,False,False,False,False,False,False,False,False,False,False,True,False,False,False,False,False,False,False,False,False,False,False,False,False,False,False,False,False,True,False,False,False,False,False,False,False,False,False,False,False,False,False,False,False,False,False,False,True,False,False,False,False,False,False,False,False,False,False,False,False,False,False,False,False,False,False,False,False,False,False,False,False,False,False,False,False,False,True,False,False,False,False,False,False,False,False,False,False,False,False
2024-06-07 15:00:00,3.7,1.9,2.4,3.4,1.9,4.9,7.4,9.0,1.3,4.5,7.8,19.2,16.6,21.5,20.4,21.8,21.5,22.4,20.4,20.8,21.9,19.4,93.0,91.0,80.0,93.0,75.0,99.0,83.0,86.0,71.0,63.0,88.0,2.9,1.0,1.5,2.9,1.3,3.8,5.8,7.1,0.9,3.4,6.5,1014.6,1013.0,1013.1,1014.0,1014.3,1013.7,1013.6,1017.0,1013.5,1013.0,1013.5,False,False,False,False,False,True,False,False,False,False,False,False,False,False,False,False,False,False,False,False,False,False,False,False,False,False,False,False,False,True,False,False,False,False,False,False,False,False,False,True,False,False,False,False,False,False,False,False,False,False,False,False,False,False,False,False,False,False,False,False,False,False,True,False,False,False,False,False,False,False,False,False,False,False,False,False,False,False,False,False,False,False,False,False,True,False,False,False,False,False,False,False,False,False,False,False,True,False,False,False,False,False,False,False,False,False,False,True,False,False,False,False,False,False,False,False,False,False,False,False,True,False,False,False,False,False,False,False,False,False,False,False,False,False,False,True,False,False,False,False,False,False,False,False,False,False,False,False,False,False,False,False,False,False,False,False,False,False,False,False,False,False,False,False,False,False,True,False,False,False,False,False,False,False,False,False,False,False,False,False,False,False,False,False,False,False,False,True,False,False,False,False,False,False,False,False,False,False,False
2024-06-07 18:00:00,4.7,2.1,3.7,3.9,3.0,8.6,7.6,7.7,1.5,6.2,7.5,19.2,16.4,18.7,20.4,21.1,21.3,22.1,20.5,21.3,21.8,19.8,92.0,92.0,94.0,94.0,74.0,99.0,87.0,88.0,68.0,63.0,88.0,3.8,1.6,2.7,3.2,2.4,6.6,5.7,6.3,0.9,4.3,5.9,1013.4,1012.0,1012.8,1013.0,1013.3,1012.2,1012.7,1016.2,1012.1,1012.0,1012.4,False,False,False,True,False,False,False,False,False,False,False,False,False,False,False,False,False,False,False,False,False,False,False,False,False,False,False,True,False,False,False,False,False,False,False,False,False,False,False,False,False,False,False,False,False,False,False,True,False,False,False,False,False,False,False,False,False,False,False,False,False,False,False,False,True,False,False,False,False,False,False,False,False,False,False,False,False,False,False,False,False,False,False,False,False,False,False,True,False,False,False,False,False,False,False,False,True,False,False,False,False,False,False,False,False,False,False,True,False,False,False,False,False,False,False,False,False,False,False,False,True,False,False,False,False,False,False,False,False,False,False,False,False,False,False,False,False,False,False,False,False,False,False,False,False,False,False,False,False,False,False,False,True,False,False,False,False,False,False,False,False,False,False,False,True,False,False,False,False,False,False,False,False,False,False,False,False,False,False,False,False,False,False,False,False,False,False,True,False,False,False,False,False,False,False,False,False,False,False
2024-06-07 21:00:00,4.7,2.0,5.4,3.8,2.2,7.5,8.3,8.8,2.5,3.0,5.3,19.2,16.4,20.4,20.4,20.2,21.3,21.3,20.6,20.6,21.3,19.9,95.0,92.0,79.0,94.0,86.0,99.0,94.0,90.0,76.0,68.0,86.0,3.8,1.2,3.5,3.2,1.5,5.9,6.4,7.0,2.0,2.3,3.8,1013.2,1012.2,1012.7,1013.0,1013.6,1012.3,1012.7,1015.9,1012.4,1012.5,1012.3,False,False,True,False,False,False,False,False,False,False,False,True,False,False,False,False,False,False,False,False,False,False,False,False,False,False,False,False,False,False,False,False,False,False,False,False,False,False,False,True,False,False,False,False,False,False,False,False,False,False,False,False,False,False,False,False,False,False,False,False,False,False,False,False,False,True,False,False,False,False,False,False,False,False,False,False,False,False,False,False,False,False,False,False,False,False,False,False,True,False,False,False,False,False,False,False,False,True,False,False,False,False,False,False,False,False,False,False,True,False,False,False,False,False,False,False,False,False,False,False,False,True,False,False,False,False,False,False,False,False,False,False,False,False,False,False,False,False,False,False,False,False,False,True,False,False,False,False,False,False,False,False,False,False,False,False,False,False,False,False,False,False,False,True,False,False,False,False,False,False,False,False,False,False,False,False,False,False,False,False,False,False,False,False,False,False,False,False,True,False,False,False,False,False,False,False,False,False,False
2024-06-08 00:00:00,5.6,2.6,4.7,4.4,1.9,8.5,9.7,7.9,3.4,3.6,4.8,19.2,16.3,19.3,20.5,20.2,21.4,21.3,20.7,19.8,19.9,18.1,96.0,91.0,92.0,91.0,88.0,99.0,96.0,94.0,86.0,78.0,87.0,4.6,2.1,3.6,3.6,1.5,6.9,7.0,6.6,2.7,2.8,3.9,1013.4,1013.1,1012.4,1013.1,1013.8,1012.1,1012.9,1016.1,1012.7,1012.4,1012.3,False,False,False,False,True,False,False,False,False,False,False,False,False,False,False,False,False,False,False,False,False,False,False,False,False,False,False,False,True,False,False,False,False,False,False,False,False,False,False,False,True,False,False,False,False,False,False,False,False,False,False,False,False,False,False,False,False,False,False,False,False,False,False,False,False,False,True,False,False,False,False,False,False,False,False,False,False,False,False,False,False,False,False,False,False,True,False,False,False,False,False,False,False,False,False,False,False,True,False,False,False,False,False,False,False,False,False,True,False,False,False,False,False,False,False,False,False,False,False,False,False,True,False,False,False,False,False,False,False,False,False,False,False,False,False,False,False,False,False,False,True,False,False,False,False,False,False,False,False,False,False,False,False,False,False,False,False,False,False,False,True,False,False,False,False,False,False,False,False,False,False,False,False,False,False,False,False,False,False,False,False,False,False,False,False,False,True,False,False,False,False,False,False,False,False,False,False,False,False
2024-06-08 03:00:00,5.4,3.7,4.4,4.6,2.8,10.8,10.3,8.2,4.6,2.8,2.6,19.4,16.1,18.0,20.7,19.8,21.5,20.8,20.8,19.1,20.0,18.6,94.0,89.0,98.0,90.0,79.0,99.0,99.0,94.0,90.0,79.0,89.0,4.3,2.9,3.6,3.8,2.1,8.6,7.1,6.6,3.6,1.4,2.0,1012.4,1011.4,1010.4,1012.2,1013.3,1010.6,1012.0,1014.9,1010.9,1011.2,1011.4,False,False,False,False,False,True,False,False,False,False,False,False,False,False,True,False,False,False,False,False,False,False,False,False,False,False,False,False,False,False,False,False,False,False,False,False,False,False,False,False,False,True,False,False,False,False,False,False,False,False,False,False,False,False,False,False,False,False,False,False,False,False,False,False,False,False,True,False,False,False,False,False,False,False,False,False,False,False,False,False,False,False,False,False,False,False,False,False,False,False,False,True,False,False,False,False,False,False,True,False,False,False,False,False,False,False,False,False,True,False,False,False,False,False,False,False,False,False,False,False,False,True,False,False,False,False,False,False,False,False,False,False,False,False,False,False,False,False,True,False,False,False,False,False,False,False,False,False,False,False,False,False,False,False,False,False,False,False,False,False,False,False,True,False,False,False,False,False,False,False,False,False,False,False,False,False,False,False,False,False,False,False,True,False,False,False,False,False,False,False,False,False,False,False,False,False,False,False,False
2024-06-08 06:00:00,4.3,4.9,4.0,6.3,2.7,10.6,8.5,8.1,5.2,4.4,2.8,19.5,16.1,18.0,20.6,19.2,21.7,20.6,20.3,18.8,20.5,17.4,92.0,87.0,99.0,91.0,89.0,97.0,93.0,95.0,94.0,83.0,88.0,3.4,3.9,3.2,5.1,2.1,8.3,5.9,6.1,4.1,3.2,2.0,1011.7,1009.8,1010.0,1010.9,1012.1,1009.9,1011.5,1013.5,1009.6,1009.9,1010.2,False,False,False,False,False,True,False,False,False,False,False,False,False,False,False,False,True,False,False,False,False,False,False,False,False,False,False,False,False,False,False,False,False,False,False,False,False,False,False,False,False,True,False,False,False,False,False,False,False,False,False,False,False,False,False,False,False,False,False,False,False,False,False,False,False,False,False,False,True,False,False,False,False,False,False,False,True,False,False,False,False,False,False,False,False,False,False,False,False,False,False,False,False,False,False,False,False,False,False,True,False,False,False,False,False,False,False,False,False,True,False,False,False,False,False,False,False,False,False,False,False,False,False,True,False,False,False,False,False,False,False,False,False,False,False,False,False,False,False,True,False,False,False,False,False,False,False,False,False,False,False,False,False,False,False,False,False,False,False,False,False,True,False,False,False,False,False,False,False,False,False,False,False,False,False,False,False,False,False,False,False,False,False,True,False,False,False,False,False,False,False,False,False,False,False,False,False,False,False
2024-06-08 09:00:00,7.2,6.3,3.5,7.3,1.9,10.7,6.7,4.7,6.8,4.5,3.2,19.5,15.8,18.3,19.8,19.8,21.5,21.9,20.1,20.2,20.2,19.2,88.0,93.0,99.0,93.0,88.0,95.0,78.0,97.0,91.0,88.0,92.0,5.8,5.1,2.6,5.6,1.3,8.4,4.7,3.6,5.4,3.4,2.3,1010.9,1009.5,1010.2,1010.9,1011.9,1009.7,1011.4,1013.6,1009.6,1010.2,1010.2,False,False,False,False,False,True,False,False,False,False,False,False,False,False,False,False,True,False,False,False,False,False,False,False,False,False,False,False,False,False,False,False,False,False,False,False,False,False,False,False,False,False,True,False,False,False,False,False,False,False,False,False,False,False,False,False,False,False,False,False,False,False,False,False,False,False,False,True,False,False,False,False,False,False,False,False,False,False,False,False,True,False,False,False,False,False,False,False,False,False,False,False,False,False,False,False,False,False,False,True,False,False,False,False,False,False,False,False,False,True,False,False,False,False,False,False,False,False,False,False,False,False,False,False,True,False,False,False,False,False,False,False,False,False,False,False,False,False,False,False,False,False,False,False,False,True,False,False,False,False,False,False,False,False,False,False,False,False,False,False,False,False,True,False,False,False,False,False,False,False,False,False,False,False,False,False,False,False,False,False,False,False,False,False,True,False,False,False,False,False,False,False,False,False,False,False,False,False,False
2024-06-08 12:00:00,9.5,4.5,3.3,7.6,2.8,9.7,9.5,3.7,5.3,3.9,3.1,19.6,16.7,18.8,19.7,20.0,21.5,21.8,19.9,20.5,20.1,19.4,88.0,92.0,99.0,97.0,91.0,94.0,86.0,97.0,92.0,88.0,94.0,7.4,3.6,2.0,5.9,2.0,7.7,6.1,2.8,4.1,3.0,2.5,1010.4,1009.7,1010.4,1010.4,1011.9,1009.3,1010.8,1013.0,1009.9,1010.2,1009.6,False,False,False,False,True,False,False,False,False,False,False,False,False,False,False,False,False,True,False,False,False,False,False,False,False,False,False,False,False,False,False,False,False,False,False,False,False,False,False,False,False,False,False,False,False,False,False,False,False,False,True,False,False,False,False,False,False,False,False,False,False,False,False,False,False,False,False,True,False,False,False,False,False,False,False,False,False,False,False,False,False,False,False,False,True,False,False,False,False,False,False,False,False,False,False,False,False,False,False,False,True,False,False,False,False,False,False,True,False,False,False,False,False,False,False,False,False,False,False,False,False,False,False,False,False,True,False,False,False,False,False,False,False,False,False,False,False,False,False,False,False,False,False,False,False,False,False,True,False,False,False,False,False,False,False,False,False,False,False,False,False,False,False,False,False,True,False,False,False,False,False,False,False,False,False,False,False,False,False,False,False,False,False,False,False,True,False,False,False,False,False,False,False,False,False,False,False,False,False
2024-06-08 15:00:00,8.7,3.3,1.8,7.2,2.5,12.8,11.6,3.7,3.8,2.5,4.0,19.7,17.1,19.4,19.8,18.8,21.3,19.3,20.1,20.5,20.2,19.5,90.0,93.0,99.0,98.0,95.0,98.0,99.0,97.0,91.0,91.0,94.0,6.8,2.8,1.2,5.7,1.6,9.8,7.2,2.9,2.9,1.9,3.3,1010.0,1008.9,1009.0,1008.8,1011.1,1009.0,1010.4,1011.4,1008.8,1008.8,1008.4,False,False,False,False,False,False,False,True,False,False,False,False,False,False,False,False,False,False,False,False,True,False,False,False,False,False,False,False,False,False,False,False,False,False,False,False,False,False,False,False,False,False,False,False,False,False,False,False,False,False,False,False,False,False,True,False,False,False,False,False,False,False,False,False,True,False,False,False,False,False,False,False,False,False,False,False,False,False,False,False,False,False,False,False,True,False,False,False,False,False,False,False,False,False,False,False,False,False,False,True,False,False,False,False,False,False,False,False,False,False,True,False,False,False,False,False,False,True,False,False,False,False,False,False,False,False,False,False,False,False,False,False,False,False,False,False,False,False,False,False,False,False,False,False,False,False,True,False,False,False,False,False,False,False,False,False,True,False,False,False,False,False,False,False,False,False,False,False,False,False,False,False,False,False,False,False,False,False,False,False,False,False,True,False,False,False,False,False,False,False,False,False,False,False,False,False,False,False,False
2024-06-08 18:00:00,9.0,3.0,2.8,8.8,5.4,12.4,7.9,7.4,1.4,2.9,7.1,19.0,16.5,19.7,20.0,18.9,20.6,20.1,20.2,21.2,20.7,19.2,94.0,95.0,99.0,98.0,97.0,99.0,99.0,94.0,86.0,88.0,93.0,6.8,2.5,2.5,6.9,4.2,9.7,5.0,6.0,0.9,2.4,5.9,1009.7,1007.9,1007.6,1007.1,1009.8,1008.2,1009.9,1009.9,1007.8,1007.4,1006.8,False,False,False,False,False,False,False,False,False,False,True,False,False,False,False,False,False,False,False,False,False,False,True,False,False,False,False,False,False,False,False,False,False,True,False,False,False,False,False,False,False,False,False,False,False,False,False,False,False,False,False,False,False,False,False,False,False,False,False,False,False,False,False,False,True,False,False,False,False,False,False,False,False,False,False,False,False,False,False,False,False,False,False,True,False,False,False,False,False,False,False,False,False,False,False,False,False,False,False,True,False,False,False,False,False,False,False,False,False,False,True,False,False,False,True,False,False,False,False,False,False,False,False,False,False,False,False,False,False,False,False,False,False,False,False,False,False,False,False,False,False,False,False,False,False,False,False,False,True,False,False,False,False,False,False,True,False,False,False,False,False,False,False,False,False,False,False,False,False,False,False,False,False,False,False,False,False,False,False,False,False,False,True,False,False,False,False,False,False,False,False,False,False,False,False,False,False,False,False
2024-06-08 21:00:00,10.5,1.9,3.8,12.2,8.7,13.1,9.2,9.0,1.4,4.4,7.4,19.1,15.6,18.8,19.8,19.0,20.8,20.0,19.5,20.5,21.4,17.9,91.0,96.0,99.0,97.0,97.0,99.0,99.0,97.0,88.0,84.0,92.0,8.5,1.6,3.4,9.3,7.0,10.2,6.3,7.2,0.9,3.6,6.0,1009.3,1008.0,1008.1,1006.7,1009.0,1008.1,1010.0,1010.2,1008.2,1007.5,1006.8,False,False,False,False,False,False,False,True,False,False,False,False,False,False,False,False,False,False,False,True,False,False,False,False,False,False,False,False,False,False,False,True,False,False,False,False,False,False,False,False,False,False,False,False,False,False,False,False,False,False,False,False,False,False,False,False,False,False,False,False,False,False,False,False,True,False,False,False,False,False,False,False,False,False,False,False,False,False,False,False,False,False,True,False,False,False,False,False,False,False,False,False,False,False,False,False,False,False,False,True,False,False,False,False,False,False,False,False,False,True,False,False,False,True,False,False,False,False,False,False,False,False,False,False,False,False,False,False,False,False,False,False,False,False,False,False,False,False,False,False,False,False,False,False,False,False,False,False,False,False,False,True,False,False,False,False,False,True,False,False,False,False,False,False,False,False,False,False,False,False,False,False,False,False,False,False,False,False,False,False,False,False,True,False,False,False,False,False,False,False,False,False,False,False,False,False,False,False,False
2024-06-09 00:00:00,10.7,1.6,2.6,9.2,8.1,11.7,6.3,10.3,1.0,2.8,10.0,19.0,15.6,18.9,20.0,18.9,20.9,19.4,19.3,19.7,20.9,18.4,94.0,95.0,99.0,97.0,96.0,99.0,99.0,97.0,94.0,83.0,89.0,8.5,1.1,2.1,6.8,6.6,9.4,2.8,8.4,0.5,2.2,8.2,1008.8,1008.8,1008.2,1006.2,1008.9,1007.9,1009.5,1009.8,1008.7,1007.7,1007.1,False,False,False,False,False,False,True,False,False,False,False,False,False,False,False,False,False,True,False,False,False,False,False,False,False,False,False,False,False,False,False,False,True,False,False,False,False,False,False,False,False,False,False,False,False,False,False,False,False,False,False,False,False,False,False,False,False,False,False,False,False,False,True,False,False,False,False,False,False,False,False,False,False,False,False,False,False,False,False,False,False,False,False,True,False,False,False,False,False,False,False,False,False,False,False,False,False,False,False,False,True,False,False,False,False,False,False,False,False,False,True,False,False,False,True,False,False,False,False,False,False,False,False,False,False,False,False,False,False,False,False,False,False,False,False,False,True,False,False,False,False,False,False,False,False,False,False,False,False,False,False,False,False,False,False,False,False,False,True,False,False,False,False,False,False,False,False,False,False,False,False,False,False,False,False,False,False,False,False,False,False,False,True,False,False,False,False,False,False,False,False,False,False,False,False,False,False,False,False
2024-06-09 03:00:00,9.8,1.2,2.0,8.8,6.2,11.4,4.1,11.4,1.5,3.5,8.9,19.1,15.6,18.5,19.8,19.3,21.0,18.8,19.3,19.0,20.1,18.3,92.0,96.0,99.0,98.0,96.0,99.0,99.0,98.0,98.0,88.0,87.0,8.0,0.6,1.5,6.9,4.9,8.9,3.1,9.3,1.1,2.5,7.1,1008.3,1008.6,1007.8,1005.9,1007.8,1007.5,1008.8,1009.4,1008.2,1007.3,1006.5,False,False,False,False,False,False,True,False,False,False,False,False,False,False,False,False,False,False,False,False,False,False,True,False,False,False,False,False,False,False,False,True,False,False,False,False,False,False,False,False,False,False,False,False,False,False,False,False,False,False,False,False,False,False,False,False,False,False,False,False,False,False,True,False,False,False,False,False,False,False,False,False,False,False,False,False,False,False,False,False,False,False,False,True,False,False,False,False,False,False,False,False,False,False,False,False,False,False,False,True,False,False,False,False,False,False,False,False,False,False,False,True,False,False,True,False,False,False,False,False,False,False,False,False,False,False,False,False,False,False,False,False,False,False,False,False,False,False,True,False,False,False,False,False,False,False,False,False,False,False,False,False,False,False,False,False,False,False,False,False,False,False,False,False,False,False,False,False,False,False,False,False,False,False,False,False,False,False,False,True,False,False,True,False,False,False,False,False,False,False,False,False,False,False,False,False,False,False,False
2024-06-09 06:00:00,7.6,1.6,2.6,10.2,4.4,7.8,3.7,13.6,2.5,2.8,6.2,19.0,15.3,17.7,19.4,19.6,20.7,19.5,19.2,18.8,19.8,17.5,93.0,95.0,99.0,97.0,96.0,99.0,99.0,96.0,98.0,89.0,88.0,6.1,1.1,2.2,8.0,3.1,6.2,2.2,10.5,1.7,2.4,4.8,1008.4,1008.5,1007.8,1006.5,1007.7,1007.7,1008.8,1009.9,1008.1,1007.4,1007.3,False,False,False,False,False,False,True,False,False,False,False,False,True,False,False,False,False,False,False,False,False,False,False,False,False,False,False,False,False,False,False,False,True,False,False,False,False,False,False,False,False,False,False,False,False,False,False,False,False,False,False,False,False,False,False,False,False,False,True,False,False,False,False,False,False,False,False,False,False,False,False,False,False,False,False,False,False,False,False,False,False,True,False,False,False,False,False,False,False,False,False,False,False,False,False,False,False,False,False,False,False,True,False,False,False,False,False,False,False,False,False,True,False,False,True,False,False,False,False,False,False,False,False,False,False,False,False,False,False,False,False,False,False,False,False,False,True,False,False,False,False,False,False,False,False,False,False,False,False,False,False,False,False,False,False,False,False,False,False,False,False,False,False,False,False,False,False,False,False,False,False,False,False,False,False,False,False,False,False,False,True,True,False,False,False,False,False,False,False,False,False,False,False,False,False,False,False,False,False
2024-06-09 09:00:00,7.1,1.4,2.0,7.7,6.1,6.7,5.4,12.9,2.1,2.7,4.6,19.0,15.7,17.8,19.8,19.9,20.2,21.0,19.4,19.0,20.1,19.5,94.0,96.0,99.0,94.0,95.0,99.0,97.0,93.0,94.0,89.0,89.0,5.5,1.1,1.6,5.8,4.7,5.1,4.0,10.4,1.5,2.1,3.7,1008.5,1008.8,1008.6,1007.2,1007.6,1007.7,1008.7,1011.2,1008.8,1008.3,1008.0,False,False,False,False,False,True,False,False,False,False,False,False,False,True,False,False,False,False,False,False,False,False,False,False,False,False,False,False,False,False,False,False,True,False,False,False,False,False,False,False,False,False,False,False,False,False,False,False,False,False,False,False,False,False,False,False,False,True,False,False,False,False,False,False,False,False,False,False,False,False,False,False,False,False,False,False,False,False,False,False,False,True,False,False,False,False,False,False,False,False,False,False,False,False,False,False,False,False,False,False,True,False,False,False,False,False,False,False,True,False,False,False,False,False,True,False,False,False,False,False,False,False,False,False,False,False,False,False,False,False,False,False,False,True,False,False,False,False,False,False,False,False,False,False,False,False,False,False,False,False,False,False,False,False,False,False,False,False,False,False,False,False,False,False,False,False,False,False,False,False,False,False,False,False,False,False,False,False,False,True,False,True,False,False,False,False,False,False,False,False,False,False,False,False,False,False,False,False,False
2024-06-09 12:00:00,6.1,2.1,2.9,5.9,6.1,7.8,6.3,11.1,1.8,3.6,4.5,19.1,16.6,18.7,20.2,19.6,20.9,22.0,19.9,20.1,20.9,19.8,95.0,95.0,99.0,92.0,96.0,99.0,93.0,88.0,89.0,86.0,88.0,4.6,1.7,2.5,4.4,4.6,6.0,5.2,9.1,1.3,2.8,3.3,1008.7,1009.3,1009.6,1007.8,1008.0,1008.0,1008.8,1012.1,1009.5,1008.9,1008.7,False,False,False,False,False,False,True,False,False,False,False,False,False,False,False,True,False,False,False,False,False,False,False,False,False,False,False,False,False,False,False,False,False,False,False,False,False,False,False,False,False,False,False,False,False,False,False,False,False,False,False,False,False,False,False,True,True,False,False,False,False,False,False,False,False,False,False,False,False,False,False,False,False,False,False,False,False,False,False,True,False,False,False,False,False,False,False,False,False,False,False,False,False,False,False,False,False,False,False,False,True,False,False,False,False,False,False,False,True,False,False,False,False,True,False,False,False,False,False,False,False,False,False,False,False,False,False,False,False,False,False,False,False,False,True,False,False,False,False,False,False,False,False,False,False,False,False,False,False,False,False,False,False,False,False,False,False,False,False,False,False,False,False,False,False,False,False,False,False,False,False,False,False,False,False,True,False,False,False,False,False,False,False,False,False,False,False,False,False,False,False,False,False,False,False,False,False,False,True
2024-06-09 15:00:00,4.7,2.3,1.7,4.9,4.0,7.5,8.5,7.8,3.0,4.2,4.8,19.3,17.3,19.3,20.3,19.8,21.4,22.0,20.2,21.4,21.2,19.8,94.0,90.0,99.0,92.0,96.0,99.0,91.0,90.0,82.0,83.0,90.0,3.6,1.8,1.3,3.6,2.9,6.0,7.1,6.0,2.3,3.4,3.7,1007.9,1008.9,1009.2,1008.3,1008.0,1006.8,1007.5,1013.0,1008.8,1008.8,1009.3,False,False,False,False,False,False,False,False,True,False,False,False,False,False,False,False,False,False,False,False,False,False,False,False,True,False,False,False,False,False,False,False,False,False,False,False,False,False,False,False,False,False,False,False,False,False,False,False,False,False,False,False,False,True,False,False,False,False,False,False,False,False,False,False,False,False,False,False,False,False,False,False,False,False,False,True,False,False,False,True,False,False,False,False,False,False,False,False,False,False,False,False,False,False,False,False,False,False,False,True,False,False,False,False,False,False,True,False,False,False,False,False,False,False,False,False,False,False,False,False,False,False,False,False,False,False,False,False,False,False,False,True,False,False,False,False,False,False,False,False,False,False,False,False,False,False,True,False,False,False,False,False,False,False,False,False,False,False,False,False,False,False,False,False,False,False,False,False,False,False,False,False,False,False,False,False,True,False,False,False,False,False,False,False,False,False,False,False,False,False,False,False,False,False,False,False,False,True,False
2024-06-09 18:00:00,4.7,1.6,1.4,5.2,2.4,9.8,8.6,8.6,3.0,3.6,5.2,19.4,17.6,20.2,20.5,20.2,21.3,21.9,20.5,21.8,21.0,20.3,94.0,90.0,98.0,92.0,94.0,99.0,91.0,89.0,84.0,82.0,87.0,3.7,1.2,1.0,4.1,1.7,7.4,6.2,6.8,2.0,3.0,4.2,1007.2,1008.0,1008.5,1007.7,1007.5,1006.3,1007.0,1012.4,1008.0,1007.8,1008.6,False,False,False,False,False,False,True,False,False,False,False,False,False,False,False,False,False,False,False,False,False,True,False,False,False,False,False,False,False,False,False,False,False,False,False,False,False,False,False,False,False,False,False,False,False,False,False,False,False,True,False,False,False,False,False,False,False,False,False,False,False,False,False,False,False,False,False,False,False,False,False,False,True,False,False,False,False,True,False,False,False,False,False,False,False,False,False,False,False,False,False,False,False,False,False,False,False,False,False,True,False,False,False,False,False,False,False,True,False,False,False,False,False,False,False,False,False,False,False,False,False,False,False,False,False,False,False,False,False,False,False,True,False,False,False,False,False,False,False,False,False,False,False,False,False,False,False,True,False,False,False,False,False,False,False,False,False,False,False,False,False,False,False,False,False,False,False,False,False,False,False,False,False,False,False,False,False,True,False,False,False,False,False,False,False,False,False,False,False,False,False,False,False,False,False,False,True,False,False
2024-06-09 21:00:00,5.2,1.8,2.8,4.5,1.2,11.1,7.2,6.3,3.4,4.2,7.2,19.2,17.2,19.6,20.2,19.9,20.9,20.8,20.4,21.6,21.3,20.1,95.0,89.0,99.0,94.0,96.0,99.0,98.0,90.0,88.0,79.0,89.0,4.1,1.3,2.3,3.7,0.8,8.5,5.0,5.4,2.7,3.0,5.9,1007.4,1008.2,1009.6,1008.4,1008.1,1006.5,1007.2,1013.4,1008.5,1008.6,1009.0,False,False,False,False,False,False,True,False,False,False,False,False,False,False,True,False,False,False,False,False,False,False,False,False,False,False,False,False,False,False,False,False,False,False,False,False,False,False,False,False,False,False,False,False,False,False,False,False,False,False,False,True,False,False,False,False,False,False,False,False,False,False,False,False,False,False,False,False,False,False,True,False,False,False,False,False,False,False,False,False,False,False,False,False,False,False,False,False,False,False,False,False,True,False,False,False,False,False,False,True,False,False,False,False,False,False,False,True,False,False,False,False,False,False,False,False,False,False,False,False,False,False,False,False,False,False,False,False,False,False,True,False,False,False,False,False,False,False,False,False,False,False,False,False,False,False,False,False,True,False,False,False,False,False,False,False,False,False,False,False,False,False,False,False,False,False,False,False,False,False,False,False,False,True,False,False,False,False,False,False,False,False,False,False,False,False,False,False,False,False,False,False,False,False,False,True,False,False,False
2024-06-10 00:00:00,9.4,2.2,2.4,7.1,3.2,10.2,8.9,3.2,4.1,2.3,4.0,18.7,17.1,19.0,19.7,19.7,20.9,20.3,20.0,21.2,20.1,18.2,97.0,91.0,99.0,92.0,96.0,99.0,99.0,93.0,94.0,84.0,89.0,7.0,1.7,1.9,5.5,2.0,7.8,6.1,1.8,3.3,1.9,3.2,1007.7,1009.3,1010.1,1009.2,1009.2,1007.0,1007.7,1014.2,1009.1,1010.1,1010.4,False,False,False,False,False,False,True,False,False,False,False,False,False,False,False,False,True,False,False,False,False,False,False,False,False,False,False,False,False,False,False,False,False,False,False,False,False,False,False,False,False,False,False,False,True,False,False,False,False,False,False,False,False,False,False,False,False,False,False,False,False,False,False,False,False,False,False,False,False,False,False,False,False,False,True,False,False,False,False,False,False,False,False,False,False,False,False,False,False,False,True,False,False,False,False,False,False,False,True,False,False,False,False,False,False,False,False,False,True,False,False,False,False,False,False,False,False,False,False,False,False,False,False,False,False,False,False,False,False,False,False,False,True,False,False,False,False,False,False,False,False,False,False,False,False,False,True,False,False,False,False,False,False,False,False,False,False,False,False,False,False,False,False,False,False,False,False,False,False,True,False,False,False,False,False,False,False,False,False,False,False,False,False,False,False,False,False,False,False,False,False,False,False,False,True,False,False,False,False
2024-06-10 03:00:00,6.8,3.8,3.8,4.5,3.2,8.8,9.2,3.8,3.8,2.8,1.6,19.0,16.8,18.0,19.2,19.4,21.0,20.2,20.2,20.9,18.6,18.0,95.0,95.0,99.0,93.0,96.0,99.0,99.0,94.0,94.0,89.0,91.0,5.5,3.3,3.4,3.5,2.7,6.8,5.3,2.9,3.3,2.1,1.2,1007.8,1008.7,1009.1,1008.7,1008.8,1006.8,1007.4,1013.9,1008.5,1009.1,1009.6,False,False,False,False,False,False,False,True,False,False,False,False,False,False,False,False,False,False,True,False,False,False,False,False,False,False,False,False,False,False,False,False,False,False,False,False,False,False,False,False,False,False,False,False,True,False,False,False,False,False,False,False,False,False,False,False,False,False,False,False,False,False,False,False,False,False,False,False,False,False,False,False,False,False,True,False,False,False,False,False,False,False,False,False,False,False,False,False,False,True,False,False,False,False,False,False,False,False,True,False,False,False,False,False,False,False,False,False,False,True,False,False,False,False,False,False,False,False,False,False,False,False,False,False,False,False,False,False,False,True,False,False,False,False,False,False,False,False,False,False,False,False,False,False,True,False,False,False,False,False,False,False,False,False,False,False,False,False,False,False,False,False,False,True,False,False,False,False,False,False,False,False,False,False,False,False,False,False,False,False,False,False,False,False,False,False,False,False,False,False,False,True,False,False,False,False,False,False,False
2024-06-10 06:00:00,8.5,5.5,5.3,5.4,1.9,5.0,7.0,2.7,4.9,3.9,3.9,19.0,16.6,17.2,19.0,19.2,20.9,20.6,20.2,21.1,18.4,18.6,94.0,96.0,99.0,95.0,96.0,99.0,99.0,94.0,95.0,93.0,90.0,6.8,4.8,4.5,4.5,1.3,3.9,5.0,2.2,4.1,3.2,3.2,1008.0,1008.5,1009.6,1009.6,1009.3,1007.3,1007.6,1014.2,1008.8,1009.5,1010.0,False,False,False,False,False,False,False,False,True,False,False,False,False,False,False,False,False,False,False,True,False,False,False,False,False,False,False,False,False,False,False,False,False,False,False,False,False,False,False,False,False,False,False,False,True,False,False,False,False,False,False,False,False,False,False,False,False,False,False,False,False,False,False,False,False,False,False,False,False,False,False,False,False,True,False,False,False,False,False,False,False,False,False,False,False,False,False,False,False,False,False,False,False,True,False,False,False,True,False,False,False,False,False,False,False,False,False,False,False,False,True,False,False,False,False,False,False,False,False,False,False,False,False,False,False,False,False,False,True,False,False,False,False,False,False,False,False,False,False,False,False,False,False,True,False,False,False,False,False,False,False,False,False,False,False,False,False,False,False,False,False,False,False,False,False,False,True,False,False,False,False,False,False,False,False,False,False,False,False,False,False,False,False,False,False,False,False,False,False,False,False,False,True,False,False,False,False,False,False
2024-06-10 09:00:00,7.1,6.8,4.8,4.8,4.9,3.6,3.9,4.8,7.6,1.6,2.5,18.9,16.4,18.2,18.9,19.3,20.9,23.5,20.3,21.2,19.3,20.0,95.0,96.0,99.0,94.0,97.0,99.0,79.0,93.0,94.0,87.0,92.0,5.7,5.6,3.8,3.6,4.0,3.0,3.2,3.8,6.2,0.9,2.1,1007.9,1008.2,1010.0,1010.3,1009.8,1007.6,1007.9,1014.9,1008.7,1010.4,1010.5,False,False,False,False,False,False,False,False,False,True,False,False,False,False,False,False,False,False,False,True,False,False,False,False,False,False,False,False,False,False,False,False,False,False,False,False,False,False,False,False,True,False,False,False,False,False,False,False,False,False,False,False,False,False,False,False,False,False,False,False,False,False,False,False,False,False,False,False,False,False,False,False,True,False,False,False,False,False,False,False,False,False,False,False,False,False,False,False,True,False,False,False,False,False,False,False,False,True,False,False,False,False,False,False,False,False,False,False,False,False,False,False,True,False,False,False,False,False,False,False,False,False,False,False,False,False,False,True,False,False,False,False,False,False,False,False,False,False,False,False,False,False,True,False,False,False,False,False,False,False,False,False,False,False,False,False,False,False,False,False,False,False,True,False,False,False,False,False,False,False,False,False,False,False,False,False,False,False,False,False,False,False,False,False,False,False,False,False,False,False,False,False,False,True,False,False,False,False,False
2024-06-10 12:00:00,5.6,6.0,5.9,5.0,3.4,2.0,5.2,3.8,9.4,3.2,4.9,19.2,17.6,19.2,19.6,18.5,22.5,23.0,20.7,21.1,21.6,20.0,97.0,93.0,99.0,94.0,99.0,98.0,85.0,90.0,92.0,78.0,92.0,4.3,4.6,4.9,4.0,2.6,1.6,4.4,3.0,7.4,2.4,4.2,1007.2,1007.2,1009.2,1009.7,1009.0,1006.9,1007.3,1014.4,1007.4,1009.3,1010.4,False,False,False,False,False,True,False,False,False,False,False,False,False,False,False,False,False,False,False,True,False,False,False,False,False,False,False,False,False,False,False,False,False,False,False,False,False,False,False,False,False,False,False,True,False,False,False,False,False,False,False,False,False,False,False,False,False,False,False,False,False,False,False,False,False,False,False,False,False,False,False,False,True,False,False,False,False,False,False,False,False,False,False,False,True,False,False,False,False,False,False,False,False,False,False,False,False,False,False,False,False,True,False,False,False,False,False,False,False,True,False,False,False,False,False,False,False,False,False,False,False,False,False,False,False,False,True,False,False,False,False,False,False,False,False,False,False,False,False,False,False,False,True,False,False,False,False,False,False,False,False,False,False,False,False,False,False,False,False,False,False,False,False,False,False,False,False,False,True,False,False,False,False,False,False,False,False,False,False,False,False,False,False,False,False,False,False,False,False,False,True,False,False,False,False,False,False,False,False
2024-06-10 15:00:00,3.9,6.1,7.6,4.1,6.8,3.2,8.6,5.4,9.5,4.2,5.2,19.9,18.4,19.6,20.7,18.7,24.5,23.1,21.1,21.5,22.1,20.6,96.0,86.0,99.0,92.0,99.0,88.0,88.0,84.0,91.0,75.0,91.0,2.9,5.0,6.6,3.3,5.6,2.5,6.2,4.4,7.6,3.7,4.1,1006.4,1006.6,1008.1,1008.6,1008.0,1005.6,1005.8,1013.3,1006.5,1008.3,1009.1,False,False,False,False,False,True,False,False,False,False,False,False,False,False,False,False,False,False,False,False,False,False,True,False,False,False,False,False,False,False,False,False,False,False,False,False,False,False,False,False,False,False,False,False,False,True,False,False,False,False,False,False,False,False,False,False,False,False,False,False,False,False,False,False,False,False,False,False,False,False,False,True,False,False,False,False,False,False,False,False,False,False,False,False,False,False,True,False,False,False,False,False,False,False,False,True,False,False,False,False,False,False,False,False,False,False,False,False,True,False,False,False,False,False,False,False,False,False,False,False,False,False,False,False,False,False,True,False,False,False,False,False,False,False,False,False,False,False,False,False,False,False,False,False,True,False,False,False,False,False,False,False,False,False,False,False,False,False,False,False,False,False,False,False,False,True,False,False,False,False,False,False,False,False,False,False,False,False,False,False,False,False,False,False,False,False,False,False,False,False,False,False,True,False,False,False,False,False,False
2024-06-10 18:00:00,3.8,5.8,7.4,4.7,8.3,4.0,10.9,5.6,8.2,4.9,5.2,20.5,17.9,19.4,21.3,20.2,23.6,22.4,21.1,21.8,21.9,21.2,94.0,90.0,99.0,91.0,95.0,97.0,92.0,89.0,91.0,76.0,84.0,3.0,4.6,6.2,3.8,6.6,3.4,7.4,4.5,6.6,3.9,4.3,1005.5,1005.7,1007.6,1008.3,1007.4,1004.8,1004.9,1013.1,1005.8,1007.6,1008.7,False,False,False,False,True,False,False,False,False,False,False,False,False,False,False,False,False,False,False,False,False,False,True,False,False,False,False,False,False,False,False,False,False,False,False,False,False,False,False,False,False,False,False,False,False,True,False,False,False,False,False,False,False,False,False,False,False,False,False,False,False,False,False,False,False,False,False,False,False,True,False,False,False,False,False,False,False,False,False,False,False,False,False,False,False,False,True,False,False,False,False,False,False,False,False,False,True,False,False,False,False,False,False,False,False,False,False,False,True,False,False,False,False,False,False,False,False,False,False,False,False,False,False,False,False,False,True,False,False,False,False,False,False,False,False,False,False,False,False,False,False,False,False,False,False,False,True,False,False,False,False,False,False,False,False,False,False,False,False,False,False,False,False,False,False,False,False,True,False,False,False,False,False,False,False,False,False,False,False,False,False,False,False,False,False,False,False,False,False,False,False,False,False,True,False,False,False,False,False
2024-06-10 21:00:00,6.5,3.5,4.9,4.6,8.1,5.8,8.4,6.2,7.1,3.8,5.6,20.0,16.8,19.2,20.7,20.3,23.1,20.8,20.5,21.6,21.1,21.0,96.0,94.0,99.0,91.0,88.0,99.0,99.0,93.0,92.0,81.0,89.0,5.0,2.7,4.1,3.8,6.4,5.0,5.0,4.8,5.6,3.1,4.6,1006.0,1005.9,1008.5,1008.9,1007.8,1005.0,1005.6,1013.3,1006.8,1008.3,1008.9,False,False,False,False,False,False,True,False,False,False,False,False,False,False,False,False,False,False,False,False,False,True,False,False,False,False,False,False,False,False,False,False,False,False,False,False,False,False,False,False,False,False,False,True,False,False,False,False,False,False,False,False,False,False,False,False,False,False,False,False,False,False,False,False,False,False,False,False,False,False,False,False,True,False,False,False,False,False,False,False,False,False,False,False,False,False,False,True,False,False,False,False,False,False,False,False,False,True,False,False,False,False,False,False,False,False,False,False,True,False,False,False,False,False,False,False,False,False,False,False,False,False,False,False,False,False,True,False,False,False,False,False,False,False,False,False,False,False,False,False,False,False,False,False,False,False,True,False,False,False,False,False,False,False,False,False,False,False,False,False,False,False,False,False,False,True,False,False,False,False,False,False,False,False,False,False,False,False,False,False,False,False,False,False,False,False,False,False,False,False,False,True,False,False,False,False,False,False,False
